Name,Age,Email
John,30,john@example.com
Jane,25,jane@example.com
Bob,40,bob@example.com
Alice,35,alice@example.com
Charlie,28,charlie@example.com
David,42,david@example.com
Eve,31,eve@example.com
Frank,26,frank@example.com
Grace,38,grace@example.com
Henry,29,henry@example.com
Ivy,33,ivy@example.com
Jack,41,jack@example.com
Karen,27,karen@example.com
Leo,34,leo@example.com
Mia,36,mia@example.com
Nathan,32,nathan@example.com
Olivia,39,olivia@example.com
Paul,24,paul@example.com
Quinn,37,quinn@example.com
Ryan,43,ryan@example.com
Sarah,22,sarah@example.com
Tom,45,tom@example.com
Uma,28,uma@example.com
Victor,31,victor@example.com
Wendy,29,wendy@example.com
Xander,33,xander@example.com
Yara,35,yara@example.com
Zane,40,zane@example.com
Aaron,26,aaron@example.com
Bella,38,bella@example.com
